{
    "loss": 22.104778289794922,
    "accuracy": 0.508474588394165
}